-- phpMyAdmin SQL Dump
-- version 3.4.1
-- http://www.phpmyadmin.net
--
-- Host: localhost
-- Generation Time: Jul 26, 2013 at 05:10 PM
-- Server version: 5.5.28
-- PHP Version: 5.3.18

SET SQL_MODE="NO_AUTO_VALUE_ON_ZERO";
SET time_zone = "+00:00";


/*!40101 SET @OLD_CHARACTER_SET_CLIENT=@@CHARACTER_SET_CLIENT */;
/*!40101 SET @OLD_CHARACTER_SET_RESULTS=@@CHARACTER_SET_RESULTS */;
/*!40101 SET @OLD_COLLATION_CONNECTION=@@COLLATION_CONNECTION */;
/*!40101 SET NAMES utf8 */;

--
-- Database: `reservation`
--

--
-- Dumping data for table `BROKER_DETAIL`
--
TRUNCATE TABLE `BROKER_DETAIL`;

INSERT INTO `BROKER_DETAIL` (`BROKER_ID`, `BROKER_CODE`, `BROKER_NAME`, `BROKER_TYPE`, `PRODUCT_TYPE`) VALUES
(1, '00100', 'Aon', 'R', 'PROPERTY'),
(2, '00200', 'Arthur J. Gallagher', 'R', 'PROPERTY'),
(3, '00300', 'Lockton', 'R', 'PROPERTY'),
(4, '00400', 'Marsh', 'R', 'PROPERTY'),
(5, '00500', 'Wells Fargo', 'R', 'PROPERTY'),
(6, '00600', 'Willis', 'R', 'PROPERTY'),
(7, '00700', 'Haylor Freyer & Coon', 'R', 'PROPERTY'),
(8, '00800', 'ARA Risk Management', 'R', 'PROPERTY'),
(9, '00900', 'NSM Insurance', 'R', 'PROPERTY'),
(10, '01000', 'Northern Trust services', 'R', 'PROPERTY'),
(11, '01100', 'William Gallagher', 'R', 'PROPERTY'),
(12, '01200', 'Crystal', 'R', 'PROPERTY'),
(13, '01300', 'Beecher', 'R', 'PROPERTY'),
(14, '01400', 'Thomas E. Sears', 'R', 'PROPERTY'),
(15, '01500', 'Integro', 'R', 'PROPERTY'),
(16, '10000', 'AmWins', 'W', 'PROPERTY'),
(17, '10001', 'CRC-Crump', 'W', 'PROPERTY'),
(18, '10002', 'Partners Specialty', 'W', 'PROPERTY'),
(19, '10003', 'Peachtree', 'W', 'PROPERTY'),
(20, '10004', 'Risk Placement Services', 'W', 'PROPERTY'),
(21, '10005', 'RT Specialty', 'W', 'PROPERTY'),
(22, '10006', 'Swett', 'W', 'PROPERTY'),
(23, '10007', 'Westrope', 'W', 'PROPERTY'),
(24, '10008', 'Worldwide', 'W', 'PROPERTY'),
(25, '10009', 'Core Risk Partners', 'W', 'PROPERTY'),
(26, '10010', 'ARC Excess', 'W', 'PROPERTY'),
(27, '10011', 'Atlantic Risk', 'W', 'PROPERTY'),
(28, '10012', 'RLA Intermediaries', 'W', 'PROPERTY'),
(29, '10013', 'ARS Latiff', 'W', 'PROPERTY'),
(30, '10014', 'MacDuff Underwriters', 'W', 'PROPERTY'),
(31, '10015', 'WTCI', 'W', 'PROPERTY'),
(32, '10016', 'Energi', 'W', 'PROPERTY'),
(33, '10017', 'Maximum', 'W', 'PROPERTY'),
(34, '10018', 'Gresham & Associates', 'W', 'PROPERTY'),
(35, '10019', 'USG Insurance Services', 'W', 'PROPERTY'),
(36, '10020', 'ECC Insurance', 'W', 'PROPERTY'),
(37, '10021', 'Breckenridge Insurance', 'W', 'PROPERTY'),
(38, 'NA', 'Preferred Concepts', '', 'PROPERTY');
--
-- Dumping data for table `CITY`
--

TRUNCATE TABLE `CITY`;
INSERT INTO `CITY` (`CITY_ID`, `CITY`, `STATE_ID`) VALUES
(1, 'New York-0001', 12),
(2, 'Los Angeles-0002', 40),
(3, 'Chicago-0003', 21),
(4, 'Houston-0004', 35),
(5, 'Philadelphia-0005', 14),
(6, 'Phoenix-0006', 39),
(7, 'San Antonio-0007', 35),
(8, 'San Diego-0008', 40),
(9, 'Dallas-0009', 35),
(10, 'San Jose-0010', 40),
(11, 'Austin-0011', 35),
(12, 'Jacksonville-0012', 4),
(13, 'Indianapolis-0013', 22),
(14, 'San Francisco-0014', 40),
(15, 'Columbus-0015', 32),
(16, 'Fort Worth-0016', 35),
(17, 'Charlotte-0017', 13),
(18, 'Detroit-0018', 27),
(19, 'El Paso-0019', 35),
(20, 'Memphis-0020', 17),
(21, 'Boston-0021', 8),
(22, 'Seattle-0022', 49),
(23, 'Denver-0023', 41),
(24, 'Washington-0024', 0),
(25, 'Nashville-0025', 17),
(26, 'Baltimore-0026', 7),
(27, 'Louisville-0027', 25),
(28, 'Portland-0028', 47),
(29, 'Oklahoma City-0029', 33),
(30, 'Milwaukee-0030', 37),
(31, 'Las Vegas-0031', 45),
(32, 'Albuquerque-0032', 46),
(33, 'Tucson-0033', 39),
(34, 'Fresno-0034', 40),
(35, 'Sacramento-0035', 40),
(36, 'Long Beach-0036', 40),
(37, 'Kansas City-0037', 29),
(38, 'Mesa-0038', 39),
(39, 'Virginia Beach-0039', 19),
(40, 'Atlanta-0040', 5),
(41, 'Colorado Springs-0041', 41),
(42, 'Raleigh-0042', 13),
(43, 'Omaha-0043', 30),
(44, 'Miami-0044', 4),
(45, 'Tulsa-0045', 33),
(46, 'Oakland-0046', 40),
(47, 'Cleveland-0047', 32),
(48, 'Minneapolis-0048', 28),
(49, 'Wichita-0049', 24),
(50, 'Arlington-0050', 35),
(51, 'New Orleans-0051', 26),
(52, 'Bakersfield-0052', 40),
(53, 'Tampa-0053', 4),
(54, 'Anaheim-0054', 40),
(55, 'Honolulu-0055', 42),
(56, 'Aurora-0056', 41),
(57, 'Santa Ana-0057', 40),
(58, 'St. Louis-0058', 29),
(59, 'Riverside-0059', 40),
(60, 'Corpus Christi-0060', 35),
(61, 'Pittsburgh-0061', 14),
(62, 'Lexington-0062', 25),
(63, 'Stockton-0063', 40),
(64, 'Cincinnati-0064', 32),
(65, 'Anchorage-0065', 38),
(66, 'Saint Paul-0066', 28),
(67, 'Toledo-0067', 32),
(68, 'Newark-0068', 11),
(69, 'Greensboro-0069', 13),
(70, 'Plano-0070', 35),
(71, 'Lincoln-0071', 30),
(72, 'Buffalo-0072', 12),
(73, 'Henderson-0073', 45),
(74, 'Fort Wayne-0074', 22),
(75, 'Jersey City-0075', 11),
(76, 'Chula Vista-0076', 40),
(77, 'St. Petersburg-0077', 4),
(78, 'Orlando-0078', 4),
(79, 'Norfolk-0079', 19),
(80, 'Laredo-0080', 35),
(81, 'Chandler-0081', 39),
(82, 'Madison-0082', 37),
(83, 'Lubbock-0083', 35),
(84, 'Durham-0084', 13),
(85, 'Winston–Salem-0085', 13),
(86, 'Garland-0086', 35),
(87, 'Glendale-0087', 39),
(88, 'Baton Rouge-0088', 26),
(89, 'Hialeah-0089', 4),
(90, 'Reno-0090', 45),
(91, 'Chesapeake-0091', 19),
(92, 'Scottsdale-0092', 39),
(93, 'Irving-0093', 35),
(94, 'North Las Vegas-0094', 45),
(95, 'Fremont-0095', 40),
(96, 'Irvine-0096', 40),
(97, 'San Bernardino-0097', 40),
(98, 'Birmingham-0098', 1),
(99, 'Gilbert-0099', 39),
(100, 'Rochester-0100', 12),
(101, 'Boise-0101', 43),
(102, 'Spokane-0102', 49),
(103, 'Montgomery-0103', 1),
(104, 'Des Moines-0104', 23),
(105, 'Richmond-0105', 19),
(106, 'Fayetteville-0106', 13),
(107, 'Modesto-0107', 40),
(108, 'Shreveport-0108', 26),
(109, 'Tacoma-0109', 49),
(110, 'Oxnard-0110', 40),
(111, 'Aurora-0111', 21),
(112, 'Fontana-0112', 40),
(113, 'Akron-0113', 32),
(114, 'Moreno Valley-0114', 40),
(115, 'Yonkers-0115', 12),
(116, 'Augusta-0116', 5),
(117, 'Little Rock-0117', 20),
(118, 'Mobile-0118', 1),
(119, 'Columbus-0119', 5),
(120, 'Amarillo-0120', 35),
(121, 'Glendale-0121', 40),
(122, 'Huntington Beach-0122', 40),
(123, 'Salt Lake City-0123', 48),
(124, 'Grand Rapids-0124', 27),
(125, 'Tallahassee-0125', 4),
(126, 'Huntsville-0126', 1),
(127, 'Worcester-0127', 8),
(128, 'Knoxville-0128', 17),
(129, 'Newport News-0129', 19),
(130, 'Grand Prairie-0130', 35),
(131, 'Brownsville-0131', 35),
(132, 'Providence-0132', 15),
(133, 'Santa Clarita-0133', 40),
(134, 'Overland Park-0134', 24),
(135, 'Jackson-0135', 9),
(136, 'Garden Grove-0136', 40),
(137, 'Chattanooga-0137', 17),
(138, 'Oceanside-0138', 40),
(139, 'Santa Rosa-0139', 40),
(140, 'Fort Lauderdale-0140', 4),
(141, 'Rancho Cucamonga-0141', 40),
(142, 'Ontario-0142', 40),
(143, 'Port St. Lucie-0143', 4),
(144, 'Vancouver-0144', 49),
(145, 'Tempe-0145', 39),
(146, 'Springfield-0146', 29),
(147, 'Lancaster-0147', 40),
(148, 'Pembroke Pines-0148', 4),
(149, 'Cape Coral-0149', 4),
(150, 'Eugene-0150', 47),
(151, 'Peoria-0151', 39),
(152, 'Sioux Falls-0152', 34),
(153, 'Salem-0153', 47),
(154, 'Corona-0154', 40),
(155, 'Elk Grove-0155', 40),
(156, 'Palmdale-0156', 40),
(157, 'Springfield-0157', 8),
(158, 'Salinas-0158', 40),
(159, 'Pasadena-0159', 35),
(160, 'Rockford-0160', 21),
(161, 'Pomona-0161', 40),
(162, 'Joliet-0162', 21),
(163, 'Fort Collins-0163', 41),
(164, 'Torrance-0164', 40),
(165, 'Kansas City-0165', 24),
(166, 'Paterson-0166', 11),
(167, 'Hayward-0167', 40),
(168, 'Escondido-0168', 40),
(169, 'Bridgeport-0169', 2),
(170, 'Syracuse-0170', 12),
(171, 'Lakewood-0171', 41),
(172, 'Alexandria-0172', 19),
(173, 'Hollywood-0173', 4),
(174, 'Naperville-0174', 21),
(175, 'Mesquite-0175', 35),
(176, 'Sunnyvale-0176', 40),
(177, 'Dayton-0177', 32),
(178, 'Cary-0178', 13),
(179, 'Savannah-0179', 5),
(180, 'Orange-0180', 40),
(181, 'Pasadena-0181', 40),
(182, 'Fullerton-0182', 40),
(183, 'Hampton-0183', 19),
(184, 'Clarksville-0184', 17),
(185, 'McKinney-0185', 35),
(186, 'Warren-0186', 27),
(187, 'McAllen-0187', 35),
(188, 'West Valley City-0188', 48),
(189, 'Columbia-0189', 16),
(190, 'Killeen-0190', 35),
(191, 'Sterling Heights-0191', 27),
(192, 'New Haven-0192', 2),
(193, 'Topeka-0193', 24),
(194, 'Thousand Oaks-0194', 40),
(195, 'Olathe-0195', 24),
(196, 'Cedar Rapids-0196', 23),
(197, 'Waco-0197', 35),
(198, 'Visalia-0198', 40),
(199, 'Elizabeth-0199', 11),
(200, 'Simi Valley-0200', 40),
(201, 'Gainesville-0201', 4),
(202, 'Hartford-0202', 2),
(203, 'Bellevue-0203', 49),
(204, 'Miramar-0204', 4),
(205, 'Concord-0205', 40),
(206, 'Stamford-0206', 2),
(207, 'Coral Springs-0207', 4),
(208, 'Charleston-0208', 16),
(209, 'Carrollton-0209', 35),
(210, 'Lafayette-0210', 26),
(211, 'Roseville-0211', 40),
(212, 'Thornton-0212', 41),
(213, 'Frisco-0213', 35),
(214, 'Kent-0214', 49),
(215, 'Surprise-0215', 39),
(216, 'Allentown-0216', 14),
(217, 'Beaumont-0217', 35),
(218, 'Santa Clara-0218', 40),
(219, 'Abilene-0219', 35),
(220, 'Evansville-0220', 22),
(221, 'Victorville-0221', 40),
(222, 'Independence-0222', 29),
(223, 'Denton-0223', 35),
(224, 'Springfield-0224', 21),
(225, 'Vallejo-0225', 40),
(226, 'Athens-0226', 5),
(227, 'Provo-0227', 48),
(228, 'Peoria-0228', 21),
(229, 'Ann Arbor-0229', 27),
(230, 'Lansing-0230', 27),
(231, 'El Monte-0231', 40),
(232, 'Midland-0232', 35),
(233, 'Berkeley-0233', 40),
(234, 'Norman-0234', 33),
(235, 'Downey-0235', 40),
(236, 'Costa Mesa-0236', 40),
(237, 'Murfreesboro-0237', 17),
(238, 'Inglewood-0238', 40),
(239, 'Columbia-0239', 29),
(240, 'Waterbury-0240', 2),
(241, 'Manchester-0241', 10),
(242, 'Miami Gardens-0242', 4),
(243, 'Elgin-0243', 21),
(244, 'Wilmington-0244', 13),
(245, 'Westminster-0245', 41),
(246, 'Rochester-0246', 28),
(247, 'Clearwater-0247', 4),
(248, 'Lowell-0248', 8),
(249, 'Pueblo-0249', 41),
(250, 'Arvada-0250', 41),
(251, 'San Buenaventura (Ven', 40),
(252, 'Gresham-0252', 47),
(253, 'Fargo-0253', 31),
(254, 'Carlsbad-0254', 40),
(255, 'West Covina-0255', 40),
(256, 'Norwalk-0256', 40),
(257, 'Fairfield-0257', 40),
(258, 'Cambridge-0258', 8),
(259, 'Murrieta-0259', 40),
(260, 'Green Bay-0260', 37),
(261, 'High Point-0261', 13),
(262, 'West Jordan-0262', 48),
(263, 'Billings-0263', 44),
(264, 'Richmond-0264', 40),
(265, 'Round Rock-0265', 35),
(266, 'Everett-0266', 49),
(267, 'Burbank-0267', 40),
(268, 'Antioch-0268', 40),
(269, 'Wichita Falls-0269', 35),
(270, 'Palm Bay-0270', 4),
(271, 'Centennial-0271', 41),
(272, 'Temecula-0272', 40),
(273, 'Daly City-0273', 40),
(274, 'Odessa-0274', 35),
(275, 'Erie-0275', 14),
(276, 'Richardson-0276', 35),
(277, 'Pompano Beach-0277', 4),
(278, 'Flint-0278', 27),
(279, 'South Bend-0279', 22),
(280, 'West Palm Beach-0280', 4),
(281, 'El Cajon-0281', 40),
(282, 'Davenport-0282', 23),
(283, 'Rialto-0283', 40),
(284, 'Santa Maria-0284', 40),
(285, 'Broken Arrow-0285', 33),
(286, 'Satellite Beach-0286', 4),
(287, 'New Port Beach-0287', 40),
(288, 'Edison-0288', 11),
(289, 'Alpharetta-0289', 5),
(290, 'Farmington-0290', 2),
(291, 'Itasca-0291', 21),
(292, 'Mahwah-0292', 11),
(293, 'Southfield-0293', 27),
(294, 'Potomac-0294', 7),
(295, 'Roseland-0295', 11),
(296, 'Portmouth-0296', 1),
(297, 'Norcross-0297', 5),
(298, 'Summit-0298', 5),
(299, 'Daytona Beach-0299', 4),
(300, 'Franklin-0300', 17),
(301, 'Radnor-0301', 14),
(302, 'Santa Monica-0302', 40),
(303, 'Conshohocken-0303', 14),
(304, 'San Carlos-0304', 40),
(305, 'Miramar-0305', 4),
(306, 'Stockbridge-0306', 5),
(307, 'Canonsburg-0307', 14),
(308, 'Sabetha-0308', 24),
(309, 'Glen Allen-0309', 19),
(310, 'Bloomington-0310', 28),
(311, 'Hershey-0311', 14),
(312, 'Madison-0312', 11);

--
-- Dumping data for table `COUNTRY`
--
TRUNCATE TABLE `COUNTRY`;
INSERT INTO `COUNTRY` (`COUNTRY_ID`, `COUNTRY`) VALUES
(1, '001 - USA'),
(2, '002 - Canada'),
(3, '003 - UK');

--
-- Dumping data for table `PRODUCTS`
--

TRUNCATE TABLE `PRODUCTS`;
INSERT INTO `PRODUCTS` (`PRODUCT_ID`, `PRODUCT_NAME`, `SUBMISSION_TYPE`) VALUES
(1, '0101-Property', 'Property'),
(2, '0102-Inland Marine', 'Property'),
(3, '0103-Builders Risk', 'Property'),
(4, '0104-Stand Alone Terrorism', 'Property'),
(5, '0201-Primary Casualty', 'Casualty'),
(6, '0202-Umbrella', 'Casualty'),
(7, '0203-Excess Casualty', 'Casualty'),
(8, '0204-Medical', 'Casualty'),
(9, '0205-Product liability', 'Casualty'),
(10, '0206-Commercial Auto', 'Casualty'),
(11, '0401-E&O', 'Professional Liability'),
(12, '0402-D&O', 'Professional Liability');

--
-- Dumping data for table `STATES`
--

TRUNCATE TABLE `STATES`;
INSERT INTO `STATES` (`STATE_ID`, `BRANCH_ID`, `STATE_NAME`, `COUNTRY_ID`, `COUNTRY`,`SUB_STATE`) VALUES
(1, 2, 'AL_001', 1, '001 - USA', '01-AL'),
(2, 2, 'CT_009', 1, '001 - USA', '02-AZ'),
(3, 2, 'DE_010', 1, '001 - USA', '03-AR'),
(4, 2, 'FL_012', 1, '001 - USA', '04-CA'),
(5, 2, 'GA_013', 1, '001 - USA', '05-CO'),
(6, 2, 'ME_023', 1, '001 - USA', '06-CT'),
(7, 2, 'MD_024', 1, '001 - USA', '07-DE'),
(8, 2, 'MA_025', 1, '001 - USA', '08-DC'),
(9, 2, 'MS_028', 1, '001 - USA', '09-FL'),
(10, 2, 'NH_033', 1, '001 - USA', '10-GA'),
(11, 2, 'NJ_034', 1, '001 - USA', '11-ID'),
(12, 2, 'NY_036', 1, '001 - USA', '12-IL'),
(13, 2, 'NC_037', 1, '001 - USA', '13-IN'),
(14, 2, 'PA_042', 1, '001 - USA', '14-IA'),
(15, 2, 'RI_044', 1, '001 - USA', '15-KS'),
(16, 2, 'SC_045', 1, '001 - USA', '16-KY'),
(17, 2, 'TN_047', 1, '001 - USA', '17-LA'),
(18, 2, 'VT_050', 1, '001 - USA', '18-ME'),
(19, 2, 'VA_051', 1, '001 - USA', '19-MD'),
(20, 3, 'AR_005', 1, '001 - USA', '20-MA'),
(21, 3, 'IL_017', 1, '001 - USA', '21-MI'),
(22, 3, 'IN_018', 1, '001 - USA', '22-MN'),
(23, 3, 'IA_019', 1, '001 - USA', '23-MS'),
(24, 3, 'KS_020', 1, '001 - USA', '24-MO'),
(25, 3, 'KY_021', 1, '001 - USA', '25-MT'),
(26, 3, 'LA_022', 1, '001 - USA', '26-NE'),
(27, 3, 'MI_026', 1, '001 - USA', '27-NV'),
(28, 3, 'MN_027', 1, '001 - USA', '28-NH'),
(29, 3, 'MO_029', 1, '001 - USA', '29-NJ'),
(30, 3, 'NE_031', 1, '001 - USA', '30-NM'),
(31, 3, 'ND_038', 1, '001 - USA', '31-NY'),
(32, 3, 'OH_039', 1, '001 - USA', '32-NC'),
(33, 3, 'OK_040', 1, '001 - USA', '33-ND'),
(34, 3, 'SD_046', 1, '001 - USA', '34-OH'),
(35, 3, 'TX_048', 1, '001 - USA', '35-OK'),
(36, 3, 'WV_054', 1, '001 - USA', '36-OR'),
(37, 3, 'WI_055', 1, '001 - USA', '37-PA'),
(38, 4, 'AK_002', 1, '001 - USA', '38-RI'),
(39, 4, 'AZ_004', 1, '001 - USA', '39-SC'),
(40, 4, 'CA_006', 1, '001 - USA', '40-SD'),
(41, 4, 'CO_008', 1, '001 - USA', '41-TN'),
(42, 4, 'HI_015', 1, '001 - USA', '42-TX'),
(43, 4, 'ID_016', 1, '001 - USA', '43-UT'),
(44, 4, 'MT_030', 1, '001 - USA', '44-VT'),
(45, 4, 'NV_032', 1, '001 - USA', '45-VA'),
(46, 4, 'NM_035', 1, '001 - USA', '46-WA'),
(47, 4, 'OR_041', 1, '001 - USA', '47-WV'),
(48, 4, 'UT_049', 1, '001 - USA', '48-WI'),
(49, 4, 'WA_053', 1, '001 - USA', '49-WY'),
(50, 4, 'WY_056', 1, '001 - USA', '51-CN'),
(51, NULL, '', 1, '001 - USA', '52-HI'),
(52, NULL, '', 1, '001 - USA', '53-MX'),
(53, NULL, '', 1, '001 - USA', '54-AK'),
(54, NULL, '', 1, '001 - USA', '55-AS'),
(55, NULL, '', 1, '001 - USA', '56-GU'),
(56, NULL, '', 1, '001 - USA', '57-MP'),
(57, NULL, '', 1, '001 - USA', '58-PR'),
(58, NULL, '', 1, '001 - USA', '59-VI'),
(59, NULL, '', 1, '001 - USA', '60-PE'),
(60, NULL, '', 1, '001 - USA', '61-AB'),
(61, NULL, '', 1, '001 - USA', '62-BC'),
(62, NULL, '', 1, '001 - USA', '63-MB'),
(63, NULL, '', 1, '001 - USA', '64-ON'),
(64, NULL, '', 1, '001 - USA', '65-NF'),
(65, NULL, '', 1, '001 - USA', '66-PQ'),
(66, NULL, '', 1, '001 - USA', '67-SK'),
(67, NULL, '', 1, '001 - USA', '68-YK'),
(68, NULL, '', 1, '001 - USA', '71-NB'),
(69, NULL, '', 1, '001 - USA', '72-NS'),
(70, NULL, '', 1, '001 - USA', '78-FW');
--
-- Dumping data for table `SUBMISSION_BRANCH`
--
TRUNCATE TABLE `SUBMISSION_BRANCH`;
INSERT INTO `SUBMISSION_BRANCH` (`BRANCH_ID`, `BRANCH_CODE`, `STATUS`) VALUES
(1, '001 - Boston', 'active'),
(2, '002 - New York', 'active'),
(3, '003 - Chicago', 'active'),
(4, '004 - Los Angeles', 'active');

--
-- Dumping data for table `UNDERWRITER`
--
TRUNCATE TABLE `UNDERWRITER`;
INSERT INTO `UNDERWRITER` (`UNDERWRITER_ID`, `UNDERWRITER_NAME`, `BRANCH_ID`, `SUBMISSION_TYPE`) VALUES
(1, 'Bill Smyth', 1, 'CASUALTY'),
(2, 'Christopher Dalby', 1, 'PROPERTY'),
(3, 'Christopher Lemoine', 1, 'PROPERTY'),
(4, 'David Bresnahan', 1, 'PROFESSIONAL'),
(5, 'Helen Lisacki', 1, 'PROPERTY'),
(6, 'Melissa Henry', 1, 'CASUALTY'),
(7, 'Meredith Bullock', 0, 'CASUALTY'),
(8, 'Michael Foley', 1, 'CASUALTY'),
(9, 'Greg Freeman', 2, 'PROPERTY'),
(10, 'Justin Tuohey', 2, 'CASUALTY'),
(11, 'Karen London', 2, 'CASUALTY'),
(12, 'Scott Johnson', 2, 'PROPERTY'),
(13, 'Brian Cummins', 3, 'PROPERTY'),
(14, 'Kathy Reid', 3, 'CASUALTY'),
(15, 'Marcie Stephan', 3, 'CASUALTY'),
(16, 'Matt Hale', 3, 'CASUALTY'),
(17, 'Anjala Amin', 4, 'CASUALTY'),
(18, 'Mark Lees', 4, 'PROPERTY'),
(19, 'Tracy Shannon', 1, 'CASUALTY'),
(20, 'Dean LaPierre', 1, 'PROPERTY'),
(21, 'Morgan Wichmann', 2, 'CASUALTY'),
(22, 'Mike Worman', 1, 'PROPERTY'),
(23, 'Kelly Kendall', 1, 'CASUALTY'),
(24, 'Dan Fortin', 3, 'PROFESSIONAL'),
(25, 'Jeff Ross', 0, 'PROPERTY'),
(26, 'Mike Cresto', 3, 'CASUALTY'),
(27, 'Cathy Miller', 0, 'PROPERTY'),
(28, 'Linda Rowling', 4, 'CASUALTY'),
(29, 'Kevin Gallagher', 2, 'PROFESSIONAL'),
(30, 'Kim Keeling-Hamm', 4, 'CASUALTY'),
(31, 'Meredith Brown', 2, 'PROFESSIONAL'),
(32, 'Adam Fleischner', 2, 'PROFESSIONAL'),
(33, 'Doug Sifert', 2, 'PROFESSIONAL'),
(34, 'Michael McGuinness', 2, 'PROFESSIONAL');

/*!40101 SET CHARACTER_SET_CLIENT=@OLD_CHARACTER_SET_CLIENT */;
/*!40101 SET CHARACTER_SET_RESULTS=@OLD_CHARACTER_SET_RESULTS */;
/*!40101 SET COLLATION_CONNECTION=@OLD_COLLATION_CONNECTION */;
